<application>
  <component name="CodeVisionSettings">
    <option name="codeVisionGroupToPosition">
      <map>
        <entry key="inheritors" value="Default" />
        <entry key="problems" value="Default" />
        <entry key="references" value="Default" />
        <entry key="vcs.code.vision" value="Default" />
      </map>
    </option>
  </component>
  <component name="EditorSettings">
    <option name="USE_EDITOR_FONT_IN_INLAYS" value="true" />
    <option name="IS_WHEEL_FONTCHANGE_ENABLED" value="true" />
    <option name="IS_WHEEL_FONTCHANGE_PERSISTENT" value="true" />
  </component>
  <component name="InlayHintsSettings">
    <option name="lastViewedProviderKeyId" value="" />
  </component>
</application>