<application>
  <component name="ProjectManager">
    <defaultProject>
      <component name="AutoImportSettings">
        <option name="autoReloadType" value="SELECTIVE" />
      </component>
      <component name="ExternalSystemProjectTracker">
        <option name="projectSettingsTrackerStates">
          <map>
            <entry>
              <key>
                <Id>
                  <option name="externalProjectPath" value="Default (Template) Project" />
                  <option name="systemId" value="Cargo" />
                </Id>
              </key>
              <value>
                <Project>
                  <option name="dirty" value="true" />
                  <option name="settingsTracker">
                    <State>
                      <option name="dirty" value="false" />
                    </State>
                  </option>
                </Project>
              </value>
            </entry>
          </map>
        </option>
      </component>
      <component name="PropertiesComponent">{
  &quot;keyToString&quot;: {
    &quot;settings.editor.selected.configurable&quot;: &quot;preferences.lookFeel&quot;
  }
}</component>
      <component name="masterDetails">
        <states>
          <state key="ProjectJDKs.UI">
            <settings>
              <last-edited>17</last-edited>
              <splitter-proportions>
                <option name="proportions">
                  <list>
                    <option value="0.2" />
                  </list>
                </option>
              </splitter-proportions>
            </settings>
          </state>
        </states>
      </component>
    </defaultProject>
  </component>
</application>