<application>
  <component name="GeneralSettings">
    <option name="confirmOpenNewProject2" value="0" />
    <option name="defaultProjectDirectory" value="$USER_HOME$/workspace/cxx/personal" />
    <option name="showTipsOnStartup" value="false" />
  </component>
  <component name="Registry">
    <entry key="debugger.watches.in.variables" value="false" />
    <entry key="clion.clangd.max.memory" value="4000" />
  </component>
  <component name="StatusBar">
    <option name="widgets">
      <map>
        <entry key="ClangTidyStatusBarWidget" value="false" />
        <entry key="CwmWireStatsWidgetFactory" value="false" />
        <entry key="FlowJSInfo" value="false" />
        <entry key="TypeScriptInfo" value="false" />
        <entry key="webDeployment.default.server.widget" value="false" />
      </map>
    </option>
  </component>
</application>